# connections,p50,p75,p95
1,0.004684571,0.004684571,0.004684571
2,0.005039955,0.005039955,0.005039955
3,0.00495955,0.00495955,0.005023037
4,0.005950625,0.005950625,0.005954525
5,0.006199035,0.006228,0.006358197
6,0.006905914,0.006906094,0.006997271
7,0.007382581,0.007396643,0.007470305
8,0.00808219,0.008114627,0.008278495
9,0.012981653,0.013069287,0.013090303
10,0.013325253,0.013394325,0.013532243
11,0.016205944,0.016251263,0.016307042
12,0.015294556,0.015358015,0.015402404
13,0.016322215,0.01638088,0.016524698
14,0.017611498,0.017749666,0.017837741
15,0.018502791,0.018559569,0.01862857
16,0.023710765,0.023718418,0.023743817
17,0.027783578,0.02780109,0.027842842
18,0.023612352,0.023745349,0.023939623
19,0.025784075,0.026080734,0.026262276
20,0.026594053,0.026726305,0.026898192
21,0.027510031,0.027765405,0.027930469
22,0.02811703,0.028664053,0.028908682
23,0.031336719,0.031811194,0.031992041
24,0.033053237,0.033292083,0.033529173
25,0.037898697,0.037916816,0.037938142
26,0.036765118,0.036824442,0.037053311
27,0.036031089,0.036450399,0.03681285
28,0.036355038,0.036656414,0.039017458
29,0.036248116,0.036617573,0.042143004
30,0.036708861,0.037226663,0.04059817
31,0.024910541,0.025577889,0.025841281
32,0.037334972,0.037828285,0.038103087
33,0.028176023,0.031072757,0.031400947
34,0.040208184,0.040916271,0.04105923
35,0.042235834,0.0429601,0.043432598
36,0.041640465,0.042403643,0.042747421
37,0.042627649,0.043039824,0.043593859
38,0.044839575,0.045475421,0.046099473
39,0.046535153,0.047503328,0.048276158
40,0.047513086,0.048535826,0.049367214
41,0.03772058,0.047363827,0.048003281
42,0.039564608,0.049011321,0.050891027
43,0.050419275,0.051769149,0.052280822
44,0.049466257,0.050189177,0.051010512
45,0.050186148,0.051295889,0.051759483
46,0.056702939,0.056903452,0.057150631
47,0.053437565,0.054031644,0.055964762
48,0.049966351,0.050306419,0.055501738
49,0.05042027,0.05090811,0.054777903
50,0.053674177,0.054817082,0.05520363
51,0.058641642,0.059435021,0.059783546
52,0.055378028,0.057342617,0.058218645
53,0.057006374,0.058376653,0.058756896
54,0.058984607,0.059951565,0.060582916
55,0.056912359,0.058371988,0.058506079
56,0.063794287,0.0639217,0.064433949
57,0.062246904,0.0629686,0.063463417
58,0.046593088,0.047345016,0.04758283
59,0.051478971,0.051784807,0.0519037
60,0.051580709,0.051720834,0.052772099
61,0.055051326,0.055427636,0.055657448
62,0.053142685,0.053593613,0.054028834
63,0.058561755,0.058736999,0.058932445
64,0.058579217,0.058953169,0.05940372
65,0.060867255,0.061158577,0.061319783
66,0.058953979,0.059214188,0.059407517
67,0.065348372,0.066465367,0.066940773
68,0.064532908,0.064690492,0.064869383
69,0.064280035,0.064637261,0.064823675
70,0.076779464,0.077024677,0.077375944
71,0.067596817,0.067834573,0.068059375
72,0.068027677,0.068234552,0.068422532
73,0.073626004,0.074130877,0.074525672
74,0.076947205,0.08268274,0.083340635
75,0.068593565,0.069074264,0.077547375
76,0.085473541,0.088797437,0.089172804
77,0.066969868,0.082292506,0.082767189
78,0.081387461,0.081663831,0.082080856
79,0.069815657,0.079068206,0.079376166
80,0.058793745,0.081446391,0.08183501
81,0.068687721,0.069505676,0.069801227
82,0.079686882,0.081877861,0.082392746
83,0.073016374,0.076305348,0.076659995
84,0.075855301,0.091470602,0.092644485
85,0.088671623,0.090288468,0.091079852
86,0.092857542,0.109145243,0.109972736
87,0.067155984,0.084507625,0.085164558
88,0.086439865,0.086758874,0.098765199
89,0.085417768,0.099191683,0.099829284
90,0.099524359,0.105477267,0.10734581
91,0.075293916,0.099279815,0.102391877
92,0.084164856,0.099636456,0.100416475
93,0.090304762,0.090677114,0.100912854
94,0.099730763,0.100396998,0.100742559
95,0.103209694,0.103689942,0.104067787
96,0.103028112,0.103687536,0.108672362
97,0.094176889,0.094791793,0.0971557
98,0.092137638,0.09251258,0.101225559
99,0.09933902,0.099713004,0.100091726
100,0.108353724,0.108960151,0.109480185
101,0.104938561,0.10529986,0.105648911
102,0.090817417,0.103559625,0.104843273
103,0.104693173,0.105415279,0.109743187
104,0.102474065,0.104809855,0.107726281
105,0.087866315,0.08888285,0.107384183
106,0.087541541,0.088076736,0.105990832
107,0.073849578,0.103283157,0.103964609
108,0.089281948,0.089501597,0.089809232
109,0.09514187,0.095523663,0.09614248
110,0.096046035,0.096494106,0.09698789
111,0.098180733,0.099039038,0.100655302
112,0.103382185,0.103678711,0.104341768
113,0.10068835,0.10129158,0.102186201
114,0.097242058,0.157489485,0.157986326
115,0.118579835,0.119047309,0.119522085
116,0.107840458,0.108453088,0.108956993
117,0.118941353,0.119410138,0.120061718
118,0.103025736,0.111510314,0.112169014
119,0.115292683,0.116414799,0.122275641
120,0.103019409,0.114281641,0.117347909
121,0.11646714,0.11798147,0.124997923
122,0.106823457,0.107845899,0.115468071
123,0.125316563,0.136886828,0.13808593
124,0.11394609,0.121087345,0.127848338
125,0.126477021,0.128631121,0.138996731
126,0.143955882,0.145328361,0.1461825
127,0.13993392,0.140588116,0.141290388
128,0.133871914,0.140256458,0.140912026
129,0.119679906,0.138656585,0.145618851
130,0.104843895,0.125037304,0.135640657
131,0.114852939,0.116493352,0.117007263
132,0.14610958,0.147017181,0.148194246
133,0.125689826,0.126306619,0.128982503
134,0.147434134,0.148146879,0.14894017
135,0.122100435,0.151311699,0.152488519
136,0.143260619,0.14435692,0.147817872
137,0.144607679,0.146236077,0.147528052
138,0.142664602,0.147194283,0.155064658
139,0.15115049,0.151765138,0.154790382
140,0.148534829,0.149306918,0.154728069
141,0.156307238,0.159104034,0.16427969
142,0.141005667,0.141804834,0.160143332
143,0.158501583,0.159500852,0.160427372
144,0.1421847,0.155881492,0.157456899
145,0.140099051,0.157096636,0.163076864
146,0.146483497,0.147194381,0.166335977
147,0.168258479,0.170529078,0.177237404
148,0.136589226,0.151743152,0.163050613
149,0.155207887,0.155960556,0.165726354
150,0.142204713,0.157776368,0.173757872
151,0.132261581,0.133568369,0.134418819
152,0.17131695,0.172066462,0.172699637
153,0.17470345,0.178644034,0.193337157
154,0.188833899,0.190203126,0.190972244
155,0.155320523,0.156745775,0.170126428
156,0.198634412,0.199616333,0.201531155
157,0.193422949,0.19540873,0.202311466
158,0.160589881,0.161804849,0.163824991
159,0.143413173,0.144243359,0.145606107
160,0.137985401,0.13919189,0.150502703
161,0.162643867,0.16391941,0.164585378
162,0.15608266,0.157102009,0.158086109
163,0.144779508,0.145527204,0.146185493
164,0.166654934,0.167734495,0.176393803
165,0.178935808,0.17962283,0.180754703
166,0.155353374,0.170292378,0.172263845
167,0.174551786,0.175636273,0.176510052
168,0.148075231,0.148353427,0.148765388
169,0.177788988,0.178588148,0.183746594
170,0.189883904,0.191249617,0.194332799
171,0.182944203,0.18396118,0.19350449
172,0.148849222,0.14950433,0.150450016
173,0.182691169,0.183507277,0.195671004
174,0.191529261,0.19234464,0.193347792
175,0.202127179,0.202666416,0.203615006
176,0.163317002,0.163922981,0.16478152
177,0.199360093,0.200551516,0.21746728
178,0.214293885,0.214990274,0.221956984
179,0.215018006,0.216306381,0.225155883
180,0.155321578,0.155624596,0.156328722
181,0.171303783,0.171906202,0.172667708
182,0.231008794,0.232146645,0.235274433
183,0.139739592,0.192321525,0.200236661
184,0.201193889,0.209354096,0.213206167
185,0.21818808,0.219371085,0.233394315
186,0.16383439,0.220634926,0.235224406
187,0.171657116,0.193861998,0.195603694
188,0.197659143,0.214150188,0.225713761
189,0.212482735,0.214004457,0.226363392
190,0.231569121,0.234928119,0.236045619
191,0.236266246,0.238729489,0.24004466
192,0.253031191,0.25440905,0.255772516
193,0.190988129,0.249866381,0.25123434
194,0.250571072,0.253331856,0.254634091
195,0.23059117,0.232437503,0.233328827
196,0.187392714,0.253127679,0.254546285
197,0.253545847,0.257695066,0.258933608
198,0.250729307,0.253450197,0.272816859
199,0.243587366,0.24788994,0.261856347
200,0.212453827,0.254301004,0.260218207
201,0.182097157,0.186079011,0.187392899
202,0.253625801,0.256506092,0.25886637
203,0.235470828,0.26542655,0.272744021
204,0.211786248,0.258860195,0.260943081
205,0.255959453,0.258383063,0.261554051
206,0.253012958,0.256851071,0.258317511
207,0.260314838,0.261389707,0.262647191
208,0.241658513,0.25424937,0.268047438
209,0.149687585,0.206492468,0.208204181
210,0.170721287,0.215842569,0.23065632
211,0.181051292,0.204600368,0.230445403
212,0.208593567,0.242024813,0.245604817
213,0.201747043,0.202974956,0.205497357
214,0.269569215,0.270654054,0.271625951
215,0.258692644,0.260040872,0.26131832
216,0.238298195,0.239647358,0.255375808
217,0.278048564,0.279259698,0.279997551
218,0.193884711,0.194901424,0.195596395
219,0.267594452,0.273975495,0.274864158
220,0.241666551,0.292750038,0.297896259
221,0.251161305,0.337760392,0.339444497
222,0.229748003,0.23101018,0.232223705
223,0.269511798,0.305605148,0.307591823
224,0.287903953,0.289281461,0.305678148
225,0.298612308,0.301297024,0.302090309
226,0.236934896,0.238640184,0.247690064
227,0.182376714,0.289666774,0.291764256
228,0.184572193,0.287290108,0.289293695
229,0.186521763,0.299977877,0.301535776
230,0.202216498,0.274514066,0.279641231
231,0.179372783,0.232074515,0.234576006
232,0.236114272,0.299667398,0.301508682
233,0.23687103,0.302881076,0.3049278
234,0.262176285,0.314545059,0.321634284
235,0.202455669,0.335202371,0.337823981
236,0.192420032,0.303846439,0.305101652
237,0.154139092,0.23647023,0.248507898
238,0.185281206,0.309737616,0.311495494
239,0.276640342,0.305197998,0.310020057
240,0.28880419,0.289951258,0.292786558
241,0.296600085,0.327026113,0.338825999
242,0.241522789,0.315363059,0.326404171
243,0.259452534,0.273602303,0.29297905
244,0.253608361,0.303102817,0.337098158
245,0.202624916,0.307964952,0.309891032
246,0.214596236,0.301376215,0.308466246
247,0.201248687,0.283517271,0.322067353
248,0.22064519,0.307928819,0.326315754
249,0.178560779,0.251281285,0.271470985
250,0.235137079,0.34584241,0.354827593
251,0.26702416,0.30198126,0.318662447
252,0.201115197,0.25929609,0.261996576
253,0.225867775,0.235422813,0.237789072
254,0.28987871,0.312336323,0.34516634
255,0.303213263,0.354028028,0.357594166
256,0.322389904,0.371851792,0.383748298
257,0.276629777,0.316379595,0.334963888
258,0.264787339,0.340416781,0.343238582
259,0.244158761,0.246584017,0.24800917
260,0.239280935,0.239880993,0.2412457
261,0.321328326,0.323499987,0.327336767
262,0.257130333,0.270597428,0.279998529
263,0.246927545,0.247608423,0.248954929
264,0.367592419,0.369167,0.378458291
265,0.285856027,0.328859503,0.331756188
266,0.341139976,0.343370717,0.344739771
267,0.347272563,0.365586356,0.367197977
268,0.37321461,0.396035923,0.399542428
269,0.223999136,0.273928335,0.277699792
270,0.244115746,0.247654833,0.262441646
271,0.30778809,0.321055137,0.332776343
272,0.228669957,0.263185769,0.274917995
273,0.229697741,0.269647745,0.320312141
274,0.273746488,0.275647232,0.312761373
275,0.382680439,0.386341113,0.388993241
276,0.320915649,0.343656942,0.348627683
277,0.2555411,0.261926149,0.268896446
278,0.265362875,0.266373427,0.267583281
279,0.300881633,0.395752687,0.39919723
280,0.281270905,0.367134583,0.370305539
281,0.255924096,0.256969218,0.259833034
282,0.200237823,0.302487673,0.343181918
283,0.230205727,0.303756778,0.350437302
284,0.261711153,0.403312555,0.406271055
285,0.215915586,0.351667582,0.353537179
286,0.24104034,0.328058657,0.35681506
287,0.234662008,0.340457128,0.358179192
288,0.247903758,0.321419036,0.338993242
289,0.261291758,0.399266802,0.416875817
290,0.266177892,0.325667168,0.399778582
291,0.264955398,0.272837313,0.275247768
292,0.438531879,0.440966407,0.448031374
293,0.447397752,0.470102573,0.477376797
294,0.411486113,0.416674605,0.419341044
295,0.270940987,0.421976695,0.439036153
296,0.328763026,0.329781049,0.345949624
297,0.373184156,0.382919174,0.428561155
298,0.365434523,0.383639761,0.388150674
299,0.2751224,0.379415642,0.408156894
300,0.368089405,0.402943949,0.423159009
301,0.428219086,0.446306582,0.448694133
302,0.272111367,0.330210813,0.347630522
303,0.260869056,0.279741871,0.324250184
304,0.305286667,0.307386237,0.352788358
305,0.402149602,0.404398844,0.406253147
306,0.309292787,0.345092712,0.401929388
307,0.424472374,0.427743037,0.435644645
308,0.30247773,0.394654315,0.420310171
309,0.414830268,0.417218726,0.423185598
310,0.350042453,0.380193628,0.387413261
311,0.410429875,0.42335734,0.426337216
312,0.415045331,0.419714638,0.432797053
313,0.419385412,0.446521807,0.469377
314,0.455137672,0.495130168,0.509003888
315,0.407696189,0.473730735,0.476656103
316,0.291356962,0.293424753,0.301233872
317,0.384085344,0.386396035,0.38971105
318,0.48085288,0.496283357,0.510509075
319,0.268512799,0.371568586,0.383693841
320,0.383174461,0.458695176,0.46822494
321,0.384283492,0.386493925,0.389089969
322,0.303151107,0.308024572,0.342459721
323,0.422739637,0.444549704,0.447186567
324,0.306605506,0.30905681,0.334324471
325,0.309879174,0.311515957,0.313746659
326,0.408931505,0.414296301,0.42803942
327,0.384534839,0.448428575,0.470355314
328,0.304971567,0.306136396,0.313744465
329,0.304545893,0.305438088,0.307030277
330,0.544485149,0.550343633,0.559511601
331,0.355391626,0.387653743,0.418952039
332,0.430283226,0.450663519,0.475389343
333,0.303860196,0.310942266,0.313175725
334,0.471396162,0.587543564,0.612172895
335,0.540315628,0.546834414,0.55342072
336,0.265923543,0.337695557,0.412351047
337,0.413115465,0.533172637,0.564801622
338,0.588720893,0.595647949,0.608459506
339,0.31975533,0.393663207,0.43522547
340,0.509650611,0.539418325,0.552811333
341,0.320038406,0.322870873,0.330400421
342,0.396251859,0.481280787,0.52731981
343,0.493745831,0.606583345,0.609856802
344,0.390751708,0.408760996,0.414533329
345,0.326976204,0.482751101,0.490427496
346,0.503131324,0.509379953,0.531330388
347,0.341823928,0.393572577,0.440822547
348,0.425726491,0.433124237,0.444068131
349,0.433728501,0.49429532,0.502997607
350,0.478431628,0.522669506,0.525904635
351,0.346591113,0.438641038,0.452638334
352,0.357740576,0.471167306,0.516450348
353,0.548377335,0.55858469,0.573115548
354,0.418582229,0.499344327,0.505340826
355,0.266549269,0.341955281,0.388640873
356,0.381655249,0.481168538,0.49578056
357,0.394288422,0.469825936,0.492551795
358,0.388347569,0.489906305,0.493290246
359,0.512674858,0.530090887,0.538348852
360,0.359486999,0.464136728,0.470792026
361,0.564888119,0.596460888,0.624944707
362,0.4991766,0.512493148,0.538954615
363,0.331466077,0.408188652,0.426088547
364,0.383425881,0.389801324,0.405743938
365,0.680478967,0.703999358,0.709860638
366,0.447866235,0.570263143,0.59505152
367,0.400210486,0.41159135,0.425159643
368,0.468894914,0.518914668,0.529982336
369,0.577759693,0.595101903,0.598294097
370,0.473134835,0.48153472,0.498074605
371,0.436496344,0.450317375,0.464895058
372,0.382051375,0.384282471,0.390247551
373,0.638224411,0.641742507,0.647591663
374,0.444393515,0.507178971,0.528755461
375,0.5185433,0.608920081,0.623466961
376,0.499381016,0.552220773,0.59454223
377,0.455556008,0.544883201,0.561671926
378,0.48231473,0.624637417,0.637552387
379,0.524735992,0.531907841,0.54702842
380,0.621435657,0.665568904,0.694850587
381,0.543196444,0.661548632,0.674013851
382,0.433883437,0.436335564,0.438797352
383,0.480739857,0.515365039,0.523095326
384,0.316838615,0.422825004,0.452663956
385,0.369590285,0.373163599,0.376476461
386,0.448132928,0.575310796,0.596084766
387,0.442911263,0.477624991,0.502700509
388,0.460996063,0.55115855,0.581848477
389,0.385503109,0.420604496,0.438174616
390,0.6808246,0.711915049,0.71717345
391,0.383186371,0.386819671,0.389079928
392,0.563317508,0.619859134,0.648026697
393,0.440777499,0.512248988,0.538301167
394,0.38075427,0.382824153,0.386358765
395,0.39058198,0.414313455,0.450580857
396,0.396056943,0.400249607,0.404915394
397,0.725231812,0.831275318,0.85595371
398,0.551833297,0.626255113,0.655086258
399,0.396537653,0.401544342,0.4239076
400,0.401680938,0.403938948,0.406143921
401,0.587437233,0.640147924,0.649287935
402,0.526885565,0.531350421,0.546310531
403,0.538296698,0.588118987,0.597449923
404,0.386666788,0.390872903,0.394782343
405,0.393923116,0.428080617,0.461628042
406,0.395964433,0.400264683,0.415689597
407,0.40453066,0.443949762,0.477654414
408,0.46496802,0.546398575,0.554767906
409,0.458388417,0.490557586,0.494859228
410,0.646959513,0.664626175,0.671458886
411,0.382219649,0.416589587,0.419318948
412,0.46645777,0.621722263,0.629326647
413,0.479268428,0.48362582,0.495653206
414,0.382019052,0.53690581,0.546176643
415,0.395966776,0.398958711,0.402556321
416,0.499841288,0.502113531,0.504169173
417,0.496686564,0.501711154,0.510248927
418,0.474845677,0.564104639,0.642014883
419,0.654098406,0.682595188,0.700904456
420,0.610495435,0.624416839,0.641193535
421,0.40665748,0.409108833,0.411633005
422,0.693771703,0.698361823,0.702996987
423,0.778483776,0.808934325,0.816574632
424,0.702739177,0.773548409,0.786854444
425,0.547428566,0.58443719,0.608207982
426,0.593307628,0.614840949,0.626785482
427,0.58878583,0.629879841,0.635869255
428,0.608056261,0.759455398,0.768177724
429,0.677238706,0.704411857,0.716992903
430,0.725195989,0.800299598,0.836216647
431,0.859225268,0.925010308,0.948621167
432,0.484549578,0.509791636,0.53211006
433,0.594722555,0.604281847,0.608465208
434,0.748309444,0.801258024,0.820386435
435,0.407889323,0.556151942,0.571969469
436,0.688767734,0.770339315,0.783201508
437,0.541331161,0.60222554,0.623193637
438,0.559221807,0.575922922,0.593125696
439,0.628350092,0.745043138,0.786100687
440,0.614865594,0.636251049,0.657279398
441,0.658447517,0.714497694,0.729497267
442,0.528793366,0.553576885,0.557045462
443,0.862221613,0.966093008,0.987456409
444,0.723006407,0.777502372,0.816023696
445,0.565889713,0.589993846,0.606079273
446,0.79586998,0.801728652,0.809564867
447,0.844286211,0.96617882,0.988162143
448,0.718602032,0.745743594,0.763371668
449,0.689592577,0.729178015,0.735261001
450,0.834334976,0.863357365,0.873416626
451,0.848520123,0.934069926,0.939432795
452,0.801734269,0.870857887,0.894514195
453,0.777819705,0.878311992,0.904500486
454,0.833809659,0.924351373,0.938504169
455,0.781573241,0.874631389,0.899926864
456,0.896781632,0.943546639,0.952795711
457,0.686357438,0.82579666,0.836183965
458,0.665340416,0.730282408,0.753772842
459,0.69319474,0.803032005,0.815659156
460,0.444186914,0.557538218,0.591171825
461,0.79541169,0.843031918,0.858760007
462,0.589976775,0.628843781,0.648149212
463,0.567356263,0.680819673,0.695024092
464,0.463993555,0.466345457,0.469220419
465,0.682254615,0.768817589,0.776702405
466,0.47261504,0.476643087,0.481299728
467,0.667093435,0.775998488,0.795494354
468,0.629029614,0.692779357,0.706331473
469,0.833405586,0.965636,0.975860388
470,0.515337098,0.563275574,0.588675874
471,0.729629091,0.783878162,0.809057192
472,0.471944911,0.483355047,0.487375137
473,0.629599504,0.660934013,0.667836134
474,0.580141294,0.586595572,0.601310258
475,0.721547327,0.820947432,0.83409922
476,0.526056108,0.537809351,0.558488599
477,0.488782484,0.52629155,0.554064587
478,0.923771271,0.966399158,0.992476428
479,0.577977224,0.630914521,0.634956099
480,0.535695784,0.759395637,0.795975115
481,0.598547787,0.611989055,0.637421119
482,0.493560016,0.501280703,0.518151757
483,0.519640996,0.55456588,0.561006882
484,0.519666263,0.690250111,0.696307492
485,0.942097675,0.978964284,1.009301929
486,0.495791768,0.514146581,0.551085575
487,0.62028674,0.651786635,0.677612785
488,0.690339839,0.895023752,0.920714134
489,0.613631511,0.683699888,0.699249384
490,0.772336313,0.876633229,0.900958507
491,0.497094399,0.612588436,0.67452386
492,0.667019361,0.759261287,0.768849353
493,0.603988557,0.612766143,0.622336837
494,0.578560037,0.590332713,0.60488609
495,0.822019111,0.840676906,0.862409863
496,0.49039222,0.540276911,0.545174666
497,0.637819388,0.747555425,0.789004101
498,0.539580988,0.551230423,0.568008172
499,1.069000368,1.122561079,1.160333304
500,0.691717217,0.705397915,0.725377888
501,1.100908013,1.137017827,1.151716134
502,0.694969283,0.723510265,0.749098577
503,0.546001852,0.567443031,0.57617453
504,0.950494862,1.021308401,1.038808837
505,0.596568198,0.705646633,0.74788104
506,0.529373473,0.575344467,0.57987795
507,0.775764928,0.843585936,0.872873103
508,0.909860109,1.035329428,1.0802114760000001
509,1.013075765,1.118543327,1.162122905
510,0.765257077,0.814045036,0.822781806
511,0.772793957,0.781160973,0.785812988
512,0.602964279,0.775459985,0.799664281
513,0.761644678,0.980613328,0.989927128
514,1.002142772,1.057204534,1.098250322
515,0.760268527,0.973085992,1.002416473
516,0.608243677,0.639216119,0.689858279
517,0.941230952,0.960751766,0.970035518
518,0.700059972,0.726044502,0.7884762
519,1.3831306859999999,1.473855255,1.503610549
520,0.83077784,0.903707225,0.927826089
521,0.701993889,0.788926141,0.819071142
522,1.099867499,1.163076085,1.196924548
523,1.0878099940000001,1.145237939,1.19284122
524,1.126650855,1.29436512,1.302342469
525,1.245846126,1.428071088,1.440451018
526,1.13557347,1.2225797489999999,1.247125998
527,1.142690631,1.274459376,1.322531084
528,1.047960282,1.11276033,1.131188544
529,1.156210787,1.2007571,1.2065716499999999
530,0.64102953,0.778752962,0.784462356
531,1.121469243,1.258929569,1.306310645
532,0.539902588,0.663555669,0.738097401
533,0.552242667,0.664335585,0.673183595
534,0.664690835,0.808634454,0.858283809
535,0.85470989,0.92009132,0.937729011
536,0.567486711,0.571421914,0.5784949
537,0.616165873,0.651199835,0.671715451
538,0.879800052,0.930523596,0.96200521
539,0.774973757,0.837542298,0.861307944
540,0.560804866,0.669910456,0.680370381
541,0.662197083,0.68110724,0.713948234
542,0.811381729,0.889144209,0.904766886
543,0.603457484,0.632788407,0.649960182
544,1.077111685,1.130899401,1.13899774
545,0.853930276,0.962153071,0.997760924
546,1.062011385,1.128940353,1.168904992
547,0.762931435,0.904805587,0.980592588
548,0.557493906,0.713251515,0.75524953
549,0.584415877,0.588862545,0.597733674
550,0.748061654,0.806771819,0.815347142
551,0.730874589,0.830067323,0.836940873
552,1.312988241,1.319479294,1.32741844
553,0.735865019,0.793821019,0.826879984
554,0.776492138,0.78857334,0.798312275
555,0.603798865,0.62384455,0.629290772
556,0.73293901,0.888749318,0.920917828
557,1.010275082,1.114944155,1.145829046
558,0.9346871,1.068625822,1.105267575
559,0.919517704,0.988091576,1.025106597
560,0.832787323,0.955513717,0.996984592
561,0.839008234,0.865027035,0.892075591
562,0.701279827,0.804170065,0.837346602
563,0.913711875,1.031655244,1.044272438
564,0.887315171,0.941268978,0.978669642
565,0.664757153,0.794247011,0.829068327
566,0.693069483,0.701744138,0.740762925
567,0.67680276,0.788992068,0.824461277
568,1.410159942,1.439431231,1.460937834
569,0.94550247,1.00948154,1.038772475
570,0.824504216,0.932610715,0.99870812
571,0.703103362,0.710539171,0.778207623
572,1.283687635,1.371543721,1.409779725
573,0.752444277,0.813206805,0.856803018
574,0.611826032,0.944051663,0.954858928
575,0.969580246,0.983346639,1.004270533
576,0.85401532,0.870498311,0.936270161
577,1.071979067,1.32162678,1.348639823
578,1.256848684,1.338702825,1.3725313080000001
579,0.915623501,1.06702395,1.08843258
580,0.750985946,0.762745331,0.840877086
581,0.847050359,0.973268859,1.009406076
582,1.5633619269999999,1.587459452,1.621670272
583,1.510538807,1.5752767410000001,1.591226087
584,1.026034334,1.289420067,1.2964216689999999
585,1.540392156,1.612166626,1.65098437
586,1.55598839,1.644385764,1.670346993
587,1.244023884,1.429949772,1.465571804
588,1.5344234509999999,1.579756401,1.609635322
589,1.600975172,1.6340155790000002,1.639095283
590,1.796216851,1.814347199,1.820191597
591,1.712228939,1.810305687,1.8231747619999998
592,1.634845565,1.814591245,1.826061988
593,0.744131977,0.767025117,0.800061227
594,0.650305677,0.675850876,0.740616438
595,0.937828214,1.059556229,1.092444736
596,1.139454891,1.3713736,1.393568985
597,0.522995652,0.702067126,0.796656189
598,0.680447594,1.021508705,1.070546539
599,0.775227138,0.835640172,0.944063081
600,0.990917689,1.119055377,1.185232123
601,0.702175165,1.005824876,1.016854902
602,0.696191004,0.772881184,0.801477587
603,0.74820992,0.771926853,0.782706487
604,0.824834374,0.832752119,0.930253994
605,0.660377295,0.682438664,0.691388917
606,0.944841916,1.101030568,1.13779233
607,0.861354377,0.991208275,1.035060766
608,1.428529253,1.578411086,1.61635859
609,1.29352793,1.579118668,1.5839748980000001
610,0.769513653,0.792452135,0.801135833
611,0.692485521,0.763183212,0.778178547
612,1.063658551,1.125459815,1.165400454
613,1.502588919,1.512226265,1.547874369
614,0.777694583,0.815724978,0.8738086
615,1.420575575,1.43261032,1.456667956
616,1.085617534,1.172249437,1.263803389
617,1.418518651,1.477277826,1.5032335460000001
618,0.731156534,0.779291551,0.806443157
619,1.111640916,1.376981105,1.393772463
620,0.748656545,0.801032683,0.860836987
621,0.810422043,0.927170688,0.985543399
622,0.809646788,0.814878072,0.836434303
623,1.016126181,1.212046312,1.217586798
624,1.079148766,1.335266555,1.350291677
625,0.667943617,0.710083116,0.720396362
626,0.809969569,0.849019957,0.891758585
627,0.652632679,0.78332226,0.808435742
628,1.5307921549999999,1.554782695,1.566722049
629,1.876350658,1.880404121,1.8853913599999998
630,0.863674112,0.91059255,0.954811014
631,1.910720711,1.930961104,1.941384918
632,1.140571149,1.180812483,1.193592902
633,1.9962329030000001,2.096341718,2.104139342
634,1.744008831,1.872967711,1.912166918
635,1.052300641,1.11230944,1.133231516
636,2.014698646,2.037170534,2.046284193
637,1.680409678,1.979406731,1.996000963
638,0.864814063,0.880678512,0.918396804
639,1.678963046,1.754753668,1.770522707
640,1.864361385,1.883759197,1.889388316
641,1.747555325,1.937796199,1.9482351530000002
642,0.795707274,0.81601456,0.839689327
643,1.399638606,1.4905229580000001,1.531395415
644,1.75742266,1.9678639869999999,2.018976474
645,0.849491913,0.911970219,0.941784038
646,0.720370807,0.738960642,0.759064253
647,1.800270245,1.874764961,1.920785943
648,0.851870802,0.877064094,0.928723509
649,0.830849703,0.928925553,1.02281454
650,0.871071703,0.938354686,0.981673393
651,1.095769609,1.332599817,1.345530107
652,1.068179111,1.204817394,1.237941689
653,0.96663763,1.049285688,1.076213267
654,1.061205368,1.2677045439999999,1.324124493
655,1.051438971,1.216934286,1.2660506040000001
656,0.765634581,0.773617776,0.786181646
657,1.055960435,1.072777409,1.101436918
658,0.812223696,1.081652946,1.124200664
659,0.860451422,0.895515758,0.941732141
660,0.979584372,1.185566258,1.199254431
661,1.8410046279999999,1.884995727,1.8976832080000001
662,1.4382373,1.666795403,1.753891128
663,1.185828599,1.281757166,1.299254689
664,1.412335745,1.602300213,1.683850175
665,1.331972827,1.488269807,1.499397583
666,0.906892854,0.927400506,0.939288023
667,1.316457385,1.419176641,1.476125812
668,0.80161508,0.826796009,0.883832053
669,1.4608896310000001,1.601521788,1.6714218920000001
670,1.195425046,1.265553511,1.280372221
671,1.38951769,1.4140262940000001,1.4260036999999999
672,2.135370723,2.221088219,2.234446226
673,1.218857063,1.363859776,1.4693330279999999
674,2.349648771,2.382063619,2.396992379
675,2.17068115,2.2531845,2.287546674
676,2.107728904,2.173989602,2.236615177
677,1.901874061,2.158238248,2.253117674
678,2.122181165,2.230940788,2.292369645
679,2.157842413,2.177542546,2.196247582
680,2.380427162,2.389069689,2.3943073249999998
681,1.385886605,1.472179682,1.489307202
682,0.969916773,1.014485408,1.050880782
683,1.454872054,1.559166066,1.6088637719999999
684,0.819007495,0.903770322,1.000187336
685,1.652158167,1.797038815,1.851234116
686,1.431491483,1.605130737,1.614606396
687,0.979150128,1.203936804,1.221676584
688,1.527453486,1.5562517900000001,1.599085608
689,1.8428656220000001,2.085509331,2.101525451
690,1.3358582110000001,1.514028113,1.56221518
691,0.799618132,0.855259884,0.863470075
692,2.009492326,2.076567731,2.089262286
693,1.113081011,1.185998582,1.241947704
694,0.916062319,1.026683426,1.07842527
695,1.723172157,2.00750822,2.123443436
696,1.528791638,1.579316793,1.6252461870000001
697,1.883528186,2.073039143,2.100812582
698,0.836341361,0.859817732,0.869575541
699,1.016133691,1.369531046,1.4558109080000001
700,0.908976299,0.987103781,0.996003407
701,1.426214156,1.49548576,1.561025492
702,1.9676980899999998,2.048472489,2.063340716
703,0.904146058,0.924346833,0.934886518
704,1.205809029,1.540235545,1.6078206179999999
705,1.005102024,1.014939665,1.054895987
706,0.91662068,1.100318589,1.15463983
707,1.054111778,1.0903097449999999,1.155250656
708,2.398136471,2.47643373,2.529752502
709,2.523156462,2.532313145,2.5554104090000003
710,2.633838027,2.655929376,2.668688329
711,2.527160974,2.635931173,2.667605143
712,2.5085453429999998,2.607411903,2.646191647
713,2.676505952,2.706836785,2.760117379
714,2.302161006,2.544836158,2.594880912
715,2.38400257,2.492958979,2.499607114
716,1.57453424,1.8931426,2.017574064
717,1.1857676289999999,1.206999313,1.233944416
718,1.34278425,1.5696277589999998,1.643596528
719,0.920277493,0.932256161,1.038260361
720,0.897701962,1.124845041,1.159914173
721,1.077499333,1.096751344,1.106112607
722,1.9828725729999999,2.028762117,2.095306163
723,1.3035708750000001,1.6852412860000001,1.7333157620000001
724,1.052563527,1.232360165,1.282078635
725,1.311443763,1.4374371049999999,1.491106037
726,1.6608197,1.866496187,1.936932364
727,2.368674506,2.3958126809999998,2.414724572
728,0.825356351,1.280388578,1.336854752
729,1.365907949,1.553760276,1.6226455880000001
730,1.598427611,1.9044912809999999,1.930238565
731,1.458210848,1.809151022,1.868042704
732,1.442714918,1.592083854,1.689577373
733,2.108007398,2.111882333,2.115802493
734,0.943147732,0.982340364,1.054895284
735,1.792107294,2.105519674,2.136409945
736,1.146652979,1.422985275,1.443943209
737,1.282845365,1.366853618,1.442445606
738,1.6494630689999998,1.7055262249999998,1.717816419
739,1.470049711,1.850802995,1.869952159
740,2.950911459,2.997637821,3.011991479
741,2.646101066,2.826455308,2.890052674
742,2.491994907,2.732714665,2.816280534
743,2.5230258,2.7242984420000003,2.779993315
744,2.684227883,2.908768751,2.965130985
745,1.842342277,1.969412916,2.062509404
746,1.484654773,1.578315028,1.691573182
747,1.573880221,1.749150242,1.812034663
748,1.555048424,1.6746578319999998,1.704104858
749,1.7078490689999999,1.882258812,1.95444387
750,1.262906135,1.523192194,1.560644511
751,1.562591297,1.6404199959999999,1.687962062
752,2.557490264,2.643774816,2.688297878
753,1.240623406,1.510588502,1.550610883
754,1.23784915,1.315028303,1.351263044
755,2.261298164,2.491501795,2.573798563
756,1.083419027,1.306794845,1.369388585
757,1.66402719,1.868363397,1.92382117
758,2.030230269,2.197033934,2.261769057
759,1.362428696,1.4714021640000001,1.498828845
760,1.284896509,1.41533619,1.4714373570000001
761,1.195891847,1.351583442,1.457988348
762,1.5280315629999999,1.66601266,1.770331984
763,0.866903658,0.943753121,0.952081894
764,1.536143641,1.949824377,1.964245891
765,1.071307178,1.24079454,1.249386847
766,2.076102009,2.237046102,2.265966499
767,1.2597061840000001,1.623108628,1.646318991
768,1.150214975,1.2066895579999999,1.30084678
769,2.079178401,2.362351796,2.454123769
770,2.198520149,2.256074559,2.268240418
771,2.915980023,3.050531364,3.105030192
772,3.008026191,3.07087691,3.110166801
773,2.937879952,3.002635079,3.062990607
774,3.130708608,3.167986896,3.193257121
775,2.763464482,3.034427269,3.065577449
776,1.4208442350000001,1.475459818,1.575312651
777,1.6967657200000001,1.881233913,1.9672376489999999
778,1.9294063380000002,1.9681950270000002,1.993035448
779,1.382144928,1.465296333,1.5299596819999999
780,2.053796432,2.282172292,2.342153415
781,1.649926631,2.067926924,2.085384925
782,1.627196088,1.694212713,1.7387334399999999
783,2.315305091,2.375099217,2.46251206
784,1.212611265,1.318852664,1.454983232
785,1.148849529,1.341670756,1.41296515
786,1.851082812,2.067782983,2.123577092
787,2.821300664,2.936489717,3.004981188
788,1.918444661,2.142181273,2.197442043
789,1.002022403,1.361961191,1.421158168
790,2.448612176,2.5277384290000002,2.53595671
791,1.491304208,1.8342489,1.906531272
792,1.023680479,1.050083089,1.0712308130000001
793,1.66712035,1.866647594,2.018472846
794,1.055146779,1.3574088610000001,1.393390674
795,1.044283822,1.520533371,1.5733656310000002
796,1.62086325,1.993139685,2.007330086
797,1.784860004,1.9045233110000002,1.94133246
798,2.567225386,2.625440825,2.66786385
799,3.373546121,3.443831489,3.474609825
800,1.099652526,1.580925162,1.721603613
801,1.042641288,1.886339411,1.898672236
802,2.991272833,3.248421863,3.333700869
803,1.726718406,2.105133096,2.22152775
804,3.062728674,3.277237181,3.386284975
805,3.081908764,3.643456912,3.665725319
806,3.616644211,3.652272836,3.676439227
807,1.335450108,1.477143952,1.6245295560000002
808,1.245933704,1.594644335,1.631989127
809,2.67585157,3.082242649,3.233703483
810,1.487376666,1.7231712099999998,1.745538103
811,1.596032837,1.889034644,1.96198421
812,1.142479435,1.202390444,1.221244865
813,3.000434084,3.142322035,3.193987762
814,1.758400654,1.962629349,2.000951444
815,1.664715913,1.9314674379999999,2.038131482
816,1.546831907,1.610403893,1.6938498100000001
817,1.085112165,1.126896503,1.163849639
818,2.668812812,2.823088217,2.852305553
819,1.8496273479999998,1.8911184479999998,1.940934457
820,2.499305824,2.852763065,2.895593916
821,1.901974437,2.111498522,2.119958265
822,1.269035264,1.478488211,1.5472344850000002
823,1.466411111,2.1000527,2.107015011
824,3.278210201,3.663251632,3.676467807
825,3.385091227,3.679300074,3.689069144
826,3.8662626810000003,3.957054093,3.969390918
827,3.238023276,3.5943018589999998,3.728993422
828,2.093079779,2.290300906,2.353209185
829,1.480878557,1.5668500079999998,1.601349746
830,1.9847427930000001,2.213689603,2.325590313
831,2.233977254,2.336594277,2.35410991
832,2.272129872,2.433593161,2.455345864
833,1.376262397,1.390314959,1.416197254
834,2.19476467,2.240481251,2.280199921
835,1.8395046179999999,1.89332985,1.937249862
836,1.203007591,1.449641065,1.524510058
837,1.543562195,1.6623171490000002,1.735736756
838,2.7650363430000002,2.888423825,2.9455326189999997
839,2.841833055,3.029205707,3.073686264
840,1.259263606,1.569892123,1.577665384
841,1.5056190200000001,1.7654639589999999,1.849416232
842,2.055961016,2.333411107,2.444949111
843,3.269161642,3.750996514,3.770854319
844,1.19151632,1.297569841,1.375163274
845,2.176264512,2.5248278429999997,2.572576217
846,1.644709983,1.6534064160000002,1.661248745
847,1.268018699,1.361736471,1.4259927700000001
848,1.124865541,1.145143101,1.168894861
849,1.785904665,2.248286337,2.289890176
850,3.884574799,4.040390987,4.130020007
851,3.923223329,3.990581015,4.024822593
852,3.461778339,3.954235209,3.961401623
853,2.332538306,2.845806541,2.86925089
854,1.974798437,2.509249122,2.652843185
855,1.226480044,1.439581784,1.554493762
856,2.401480717,2.450999197,2.476280764
857,1.308728151,1.7300497049999999,1.8429385090000001
858,1.914841546,1.981174154,2.008565559
859,1.369746371,1.868064953,2.02937869
860,2.775202746,2.965187001,3.165731714
861,1.924273204,2.04330993,2.220202819
862,1.112714553,1.417174024,1.450051094
863,1.316874609,1.874183205,1.942534497
864,1.776617548,1.809226132,1.837463805
865,3.131013901,3.328155599,3.395865351
866,2.6115910700000002,3.18387009,3.34432134
867,2.265918384,2.512409656,2.597920689
868,1.123740007,1.176716789,1.3614237710000001
869,3.428909972,3.549844579,3.623029489
870,2.231848763,2.338612958,2.382639756
871,1.924511732,2.00743666,2.023486624
872,1.7697276469999998,2.015760085,2.098933293
873,4.039526184,4.202169387,4.252119696
874,1.637767342,2.192222277,2.227992498
875,1.966243169,2.412328816,2.503919696
876,4.011100822,4.303819229,4.313986504
877,4.308423778,4.403240931,4.443965297
878,2.383593563,2.653922597,2.681054069
879,2.951715768,3.076850928,3.129154113
880,1.7757857719999999,2.0301218,2.105177803
881,1.842878143,1.8621166260000002,1.880405689
882,1.2741637049999999,1.29359462,1.3044238670000001
883,2.100326371,2.5465556449999998,2.565528276
884,1.645589013,2.046429827,2.139354492
885,1.415452854,1.5957082040000001,1.648034591
886,1.975031677,2.391300487,2.5170211179999997
887,1.528176835,1.7197853950000002,1.7388577600000001
888,1.613072713,2.248366222,2.282439501
889,1.110696541,1.238694921,1.32742053
890,2.608550561,2.698027907,2.717219867
891,1.664526008,1.875759159,2.010370979
892,1.809134284,2.44637093,2.471844617
893,1.486442596,2.025692503,2.056123151
894,1.653710234,1.778059098,1.8273336169999999
895,1.312933981,2.062815718,2.131009891
896,2.606678293,2.616513832,2.6294104259999997
897,4.2966758689999995,4.474556564,4.521837141
898,4.553702689,4.692005076,4.753081841
899,3.213898824,3.388258335,3.463612242
900,4.379050251,4.518414984,4.612071645
901,1.297220895,1.476960818,1.544456885
902,1.701993223,2.052831079,2.073747402
903,2.790202999,3.13777237,3.297547724
904,2.180500493,2.533041114,2.707980448
905,1.693117539,1.706349664,1.7137291970000001
906,2.168627929,2.74529111,2.769665057
907,3.538191539,3.61017688,3.644910485
908,1.234524052,1.270032796,1.326193721
909,3.43193048,3.787175627,3.813285307
910,3.916337322,4.025191951,4.094079569
911,2.923916063,3.022255621,3.074407344
912,1.930482301,2.30808359,2.3783267759999998
913,1.9797634670000002,2.120013749,2.211637546
914,1.147593174,1.184055784,1.207864268
915,1.277568312,1.413433572,1.523597558
916,2.493726901,2.561288643,2.594584868
917,2.231022153,2.71423059,2.743271107
918,1.455726922,1.679725513,1.732702137
919,4.595067655,4.833233956,4.935905211
920,3.207059695,3.376954004,3.409738176
921,4.8171735,4.866877535,4.891230165
922,4.394649616,4.953270491,4.988625926
923,2.5914839499999998,2.606637406,2.616799749
924,4.167335103,4.286468617,4.334416816
925,1.38251894,1.409668812,1.467527238
926,1.711373528,2.322740447,2.33964904
927,3.16830815,3.43586151,3.479719008
928,2.008955388,2.481010375,2.5207975449999998
929,3.487809195,4.088771732,4.114816884
930,4.810800371,4.948805507,4.993366502
931,2.331918225,2.506129887,2.5453725289999998
932,1.765293993,2.369106939,2.413772038
933,2.358299654,2.513665013,2.664779944
934,2.39531809,2.453309303,2.480386991
935,1.537346797,2.500147218,2.52096391
936,3.08992384,3.198491796,3.266461634
937,5.336579891,5.401893813,5.425167266
938,5.165635688,5.219306618,5.271113748
939,3.150230492,3.429595453,3.497927222
940,1.078749072,1.120015622,1.127257128
941,3.954590353,4.025985431,4.07452603
942,1.554580234,1.908464479,2.033623668
943,2.579383999,2.7828139480000003,2.914772355
944,3.547462915,3.725241242,3.835545651
945,3.303039118,3.473907756,3.497550707
946,4.561143602,4.88950134,4.950884994
947,3.372289545,3.4423094929999998,3.506374548
948,2.624608563,3.061517376,3.155570988
949,2.455047256,2.664758958,2.722664457
950,2.419037242,2.545785666,2.637864247
951,3.521504036,3.675418634,3.784292513
952,3.348852004,3.951266901,3.994006041
953,3.080785673,3.6531917480000002,3.684484372
954,4.609523578,5.152233159,5.196087431
955,4.969786071,5.20267293,5.279103272
956,3.756033525,4.298382879,4.321949332
957,3.843195577,4.079297372,4.109584626
958,3.936430483,4.136994262,4.227695638
959,2.7451209690000002,3.461804929,3.493932019
960,3.571072645,3.630977732,3.68899671
961,3.130669589,3.372075875,3.43160389
962,2.945847037,3.073311816,3.10945853
963,2.956005615,3.093386936,3.128980776
964,3.660244113,4.092998091,4.152346915
965,2.85895512,3.893881722,3.9312551190000002
966,1.453530351,1.695712361,1.728104792
967,1.526491402,2.375345279,2.447996271
968,2.009442691,2.95696505,2.989383426
969,2.580265799,2.807669656,2.856445114
970,5.300058601,5.840557599,5.854366175
971,5.649200209,5.817591887,5.873154194
972,3.170476848,3.83186642,3.912688867
973,2.461278319,2.4738816630000002,2.486805271
974,2.138713644,2.350360439,2.403562108
975,3.8429763660000003,4.07255441,4.121326248
976,1.472054667,1.707411612,1.808137095
977,1.9449568400000001,2.029951599,2.057374825
978,2.202231998,2.3257111,2.371129671
979,3.8867151939999998,4.163366635,4.294749785
980,2.685107608,3.211231392,3.225208442
981,1.498131591,1.855897692,1.944490591
982,1.4034251229999999,1.534062693,1.607436715
983,4.6115831,4.930769215,5.135089156
984,2.31270359,2.447139829,2.486862052
985,4.01689368,4.695554718,4.800866893
986,4.395062399,4.862709602,4.966446973
987,4.986207777,5.535310778,5.672544584
988,5.835404341,5.8994799,5.936539226
989,3.650914619,3.942058491,4.058065311
990,1.8350528640000001,2.224073456,2.375450305
991,2.315074766,2.635970543,2.660186643
992,3.446510881,3.710985486,3.819228874
993,2.90633606,3.113675848,3.167162061
994,2.826845125,3.006366881,3.123723956
995,2.381428924,2.544095639,2.579670794
996,1.366150796,1.808219823,1.830286893
997,2.009142074,2.257070296,2.45429846
998,2.60090911,2.722587172,2.757541012
999,2.570896662,3.396359166,3.40710125
1000,3.733470514,4.028698588,4.170942123
